asset_id,project_relative_path,width,height,size_rule
ui.title,art/ui/title/background.png,960,656,suggested
ui.desktop,art/ui/desktop/background.png,800,656,suggested
shell.background,art/shell/background.png,480,504,suggested
shell.character.angela,art/shell/angela.png,480,504,suggested
shell.keepsakes,art/shell/keepsakes.png,480,504,suggested
launcher.minesweeper,art/ui/launcher/minesweeper.png,48,48,exact
launcher.contacts,art/ui/launcher/contacts.png,48,48,exact
launcher.schedule,art/ui/launcher/schedule.png,48,48,exact
launcher.shop,art/ui/launcher/shop.png,48,48,exact
launcher.backup,art/ui/launcher/backup.png,48,48,exact
launcher.settings,art/ui/launcher/settings.png,48,48,exact
launcher.logout,art/ui/launcher/logout.png,48,48,exact
contact.priscilla.row,art/characters/priscilla/contact.png,32,64,exact
contact.priscilla.header,art/characters/priscilla/contact.png,32,64,exact
character.priscilla,art/characters/priscilla/scene.png,320,448,suggested
contact.lavinia.row,art/characters/lavinia/contact.png,32,64,exact
contact.lavinia.header,art/characters/lavinia/contact.png,32,64,exact
character.lavinia,art/characters/lavinia/scene.png,320,448,suggested
contact.sylvia.row,art/characters/sylvia/contact.png,32,64,exact
contact.sylvia.header,art/characters/sylvia/contact.png,32,64,exact
character.sylvia,art/characters/sylvia/scene.png,320,448,suggested
shop.coffee.card,art/shop/items/coffee-card.png,28,28,exact
shop.coffee.inspector,art/shop/items/coffee-inspector.png,56,56,exact
shop.wine.card,art/shop/items/wine-card.png,28,28,exact
shop.wine.inspector,art/shop/items/wine-inspector.png,56,56,exact
shop.pineapple_bun.card,art/shop/items/pineapple_bun-card.png,28,28,exact
shop.pineapple_bun.inspector,art/shop/items/pineapple_bun-inspector.png,56,56,exact
shop.bandage_pack.card,art/shop/items/bandage_pack-card.png,28,28,exact
shop.bandage_pack.inspector,art/shop/items/bandage_pack-inspector.png,56,56,exact
shop.quiet_tea.card,art/shop/items/quiet_tea-card.png,28,28,exact
shop.quiet_tea.inspector,art/shop/items/quiet_tea-inspector.png,56,56,exact
shop.soft_blanket.card,art/shop/items/soft_blanket-card.png,28,28,exact
shop.soft_blanket.inspector,art/shop/items/soft_blanket-inspector.png,56,56,exact
shop.weighted_plush.card,art/shop/items/weighted_plush-card.png,28,28,exact
shop.weighted_plush.inspector,art/shop/items/weighted_plush-inspector.png,56,56,exact
shop.spa_coupon.card,art/shop/items/spa_coupon-card.png,28,28,exact
shop.spa_coupon.inspector,art/shop/items/spa_coupon-inspector.png,56,56,exact
shop.healthy_meal.card,art/shop/items/healthy_meal-card.png,28,28,exact
shop.healthy_meal.inspector,art/shop/items/healthy_meal-inspector.png,56,56,exact
shop.protein_box.card,art/shop/items/protein_box-card.png,28,28,exact
shop.protein_box.inspector,art/shop/items/protein_box-inspector.png,56,56,exact
shop.pep_note.card,art/shop/items/pep_note-card.png,28,28,exact
shop.pep_note.inspector,art/shop/items/pep_note-inspector.png,56,56,exact
shop.premium_care.card,art/shop/items/premium_care-card.png,28,28,exact
shop.premium_care.inspector,art/shop/items/premium_care-inspector.png,56,56,exact
shop.lucky_charm.card,art/shop/items/lucky_charm-card.png,28,28,exact
shop.lucky_charm.inspector,art/shop/items/lucky_charm-inspector.png,56,56,exact
shop.debug_key.card,art/shop/items/debug_key-card.png,28,28,exact
shop.debug_key.inspector,art/shop/items/debug_key-inspector.png,56,56,exact
shop.bookend_keepsake.card,art/shop/items/bookend_keepsake-card.png,28,28,exact
shop.bookend_keepsake.inspector,art/shop/items/bookend_keepsake-inspector.png,56,56,exact
shop.metronome_keepsake.card,art/shop/items/metronome_keepsake-card.png,28,28,exact
shop.metronome_keepsake.inspector,art/shop/items/metronome_keepsake-inspector.png,56,56,exact
shop.pocket_calculator_keepsake.card,art/shop/items/pocket_calculator_keepsake-card.png,28,28,exact
shop.pocket_calculator_keepsake.inspector,art/shop/items/pocket_calculator_keepsake-inspector.png,56,56,exact
schedule.group:priscilla_lavinia:day2.compact,art/schedule/folios/priscilla_lavinia-compact.png,24,24,exact
schedule.group:priscilla_lavinia:day2.folio,art/schedule/folios/priscilla_lavinia-folio.png,64,64,exact
schedule.group:priscilla_lavinia:day6.compact,art/schedule/folios/priscilla_lavinia-compact.png,24,24,exact
schedule.group:priscilla_lavinia:day6.folio,art/schedule/folios/priscilla_lavinia-folio.png,64,64,exact
schedule.rest.compact,art/schedule/folios/rest-compact.png,24,24,exact
schedule.rest.folio,art/schedule/folios/rest-folio.png,64,64,exact
schedule.solo:lavinia:day2.compact,art/schedule/folios/lavinia-compact.png,24,24,exact
schedule.solo:lavinia:day2.folio,art/schedule/folios/lavinia-folio.png,64,64,exact
schedule.solo:lavinia:day3.compact,art/schedule/folios/lavinia-compact.png,24,24,exact
schedule.solo:lavinia:day3.folio,art/schedule/folios/lavinia-folio.png,64,64,exact
schedule.solo:lavinia:day5.compact,art/schedule/folios/lavinia-compact.png,24,24,exact
schedule.solo:lavinia:day5.folio,art/schedule/folios/lavinia-folio.png,64,64,exact
schedule.solo:lavinia:day6.compact,art/schedule/folios/lavinia-compact.png,24,24,exact
schedule.solo:lavinia:day6.folio,art/schedule/folios/lavinia-folio.png,64,64,exact
schedule.solo:lavinia:day7.compact,art/schedule/folios/lavinia-compact.png,24,24,exact
schedule.solo:lavinia:day7.folio,art/schedule/folios/lavinia-folio.png,64,64,exact
schedule.solo:priscilla:day1.compact,art/schedule/folios/priscilla-compact.png,24,24,exact
schedule.solo:priscilla:day1.folio,art/schedule/folios/priscilla-folio.png,64,64,exact
schedule.solo:priscilla:day2.compact,art/schedule/folios/priscilla-compact.png,24,24,exact
schedule.solo:priscilla:day2.folio,art/schedule/folios/priscilla-folio.png,64,64,exact
schedule.solo:priscilla:day4.compact,art/schedule/folios/priscilla-compact.png,24,24,exact
schedule.solo:priscilla:day4.folio,art/schedule/folios/priscilla-folio.png,64,64,exact
schedule.solo:priscilla:day6.compact,art/schedule/folios/priscilla-compact.png,24,24,exact
schedule.solo:priscilla:day6.folio,art/schedule/folios/priscilla-folio.png,64,64,exact
schedule.solo:priscilla:day7.compact,art/schedule/folios/priscilla-compact.png,24,24,exact
schedule.solo:priscilla:day7.folio,art/schedule/folios/priscilla-folio.png,64,64,exact
schedule.solo:sylvia:day1.compact,art/schedule/folios/sylvia-compact.png,24,24,exact
schedule.solo:sylvia:day1.folio,art/schedule/folios/sylvia-folio.png,64,64,exact
schedule.solo:sylvia:day3.compact,art/schedule/folios/sylvia-compact.png,24,24,exact
schedule.solo:sylvia:day3.folio,art/schedule/folios/sylvia-folio.png,64,64,exact
schedule.solo:sylvia:day4.compact,art/schedule/folios/sylvia-compact.png,24,24,exact
schedule.solo:sylvia:day4.folio,art/schedule/folios/sylvia-folio.png,64,64,exact
schedule.solo:sylvia:day5.compact,art/schedule/folios/sylvia-compact.png,24,24,exact
schedule.solo:sylvia:day5.folio,art/schedule/folios/sylvia-folio.png,64,64,exact
schedule.solo:sylvia:day7.compact,art/schedule/folios/sylvia-compact.png,24,24,exact
schedule.solo:sylvia:day7.folio,art/schedule/folios/sylvia-folio.png,64,64,exact
schedule.training.compact,art/schedule/folios/training-compact.png,24,24,exact
schedule.training.folio,art/schedule/folios/training-folio.png,64,64,exact
schedule.working.compact,art/schedule/folios/working-compact.png,24,24,exact
schedule.working.folio,art/schedule/folios/working-folio.png,64,64,exact
background.contacts.lavinia_day1,art/environments/contacts/lavinia_day1.png,1280,448,suggested
background.contacts.priscilla_day1,art/environments/contacts/priscilla_day1.png,1280,448,suggested
background.contacts.sylvia_day1,art/environments/contacts/sylvia_day1.png,1280,448,suggested
background.dating.solo.priscilla_day1,art/environments/dating/solo/priscilla_day1.png,1280,448,suggested
background.dating.solo.sylvia_day1,art/environments/dating/solo/sylvia_day1.png,1280,448,suggested
background.core.hospital_faint,art/environments/core/hospital_faint.png,1280,448,suggested
background.contacts.priscilla_day2,art/environments/contacts/priscilla_day2.png,1280,448,suggested
background.contacts.sylvia_day2,art/environments/contacts/sylvia_day2.png,1280,448,suggested
background.contacts.lavinia_day2,art/environments/contacts/lavinia_day2.png,1280,448,suggested
background.contacts.group.priscilla_lavinia_day2,art/environments/contacts/group/priscilla_lavinia_day2.png,1280,448,suggested
background.dating.solo.priscilla_day2,art/environments/dating/solo/priscilla_day2.png,1280,448,suggested
background.dating.solo.lavinia_day2,art/environments/dating/solo/lavinia_day2.png,1280,448,suggested
background.dating.group.priscilla_lavinia_day2,art/environments/dating/group/priscilla_lavinia_day2.png,1280,448,suggested
background.dating.twofriends.priscilla_lavinia_day2,art/environments/dating/twofriends/priscilla_lavinia_day2.png,1280,448,suggested
background.contacts.priscilla_day3,art/environments/contacts/priscilla_day3.png,1280,448,suggested
background.contacts.lavinia_day3,art/environments/contacts/lavinia_day3.png,1280,448,suggested
background.contacts.sylvia_day3,art/environments/contacts/sylvia_day3.png,1280,448,suggested
background.dating.solo.lavinia_day3,art/environments/dating/solo/lavinia_day3.png,1280,448,suggested
background.dating.solo.sylvia_day3,art/environments/dating/solo/sylvia_day3.png,1280,448,suggested
background.contacts.lavinia_day4,art/environments/contacts/lavinia_day4.png,1280,448,suggested
background.contacts.sylvia_day4,art/environments/contacts/sylvia_day4.png,1280,448,suggested
background.contacts.priscilla_day4,art/environments/contacts/priscilla_day4.png,1280,448,suggested
background.dating.solo.priscilla_day4,art/environments/dating/solo/priscilla_day4.png,1280,448,suggested
background.dating.solo.sylvia_day4,art/environments/dating/solo/sylvia_day4.png,1280,448,suggested
background.contacts.priscilla_day5,art/environments/contacts/priscilla_day5.png,1280,448,suggested
background.contacts.sylvia_day5,art/environments/contacts/sylvia_day5.png,1280,448,suggested
background.contacts.lavinia_day5,art/environments/contacts/lavinia_day5.png,1280,448,suggested
background.dating.solo.lavinia_day5,art/environments/dating/solo/lavinia_day5.png,1280,448,suggested
background.dating.solo.sylvia_day5,art/environments/dating/solo/sylvia_day5.png,1280,448,suggested
background.contacts.lavinia_day6,art/environments/contacts/lavinia_day6.png,1280,448,suggested
background.contacts.sylvia_day6,art/environments/contacts/sylvia_day6.png,1280,448,suggested
background.contacts.priscilla_day6,art/environments/contacts/priscilla_day6.png,1280,448,suggested
background.contacts.group.priscilla_lavinia_day6,art/environments/contacts/group/priscilla_lavinia_day6.png,1280,448,suggested
background.dating.solo.priscilla_day6,art/environments/dating/solo/priscilla_day6.png,1280,448,suggested
background.dating.solo.lavinia_day6,art/environments/dating/solo/lavinia_day6.png,1280,448,suggested
background.dating.group.priscilla_lavinia_day6,art/environments/dating/group/priscilla_lavinia_day6.png,1280,448,suggested
background.dating.twofriends.priscilla_lavinia_day6,art/environments/dating/twofriends/priscilla_lavinia_day6.png,1280,448,suggested
background.contacts.priscilla_day7,art/environments/contacts/priscilla_day7.png,1280,448,suggested
background.contacts.lavinia_day7,art/environments/contacts/lavinia_day7.png,1280,448,suggested
background.contacts.sylvia_day7,art/environments/contacts/sylvia_day7.png,1280,448,suggested
background.core.echo_fallback_day7,art/environments/core/echo_fallback_day7.png,1280,448,suggested
background.ending.priscilla,art/environments/ending/priscilla.png,1280,448,suggested
cg.ending.priscilla.sweet,art/narrative/cgs/ending.priscilla.sweet.png,1280,448,suggested
cg.ending.priscilla.dark,art/narrative/cgs/ending.priscilla.dark.png,1280,448,suggested
cg.ending.priscilla.observer.full,art/narrative/cgs/ending.priscilla.observer.full.png,1280,448,suggested
cg.ending.priscilla.observer.residue,art/narrative/cgs/ending.priscilla.observer.residue.png,1280,448,suggested
background.ending.lavinia,art/environments/ending/lavinia.png,1280,448,suggested
cg.ending.lavinia.sweet,art/narrative/cgs/ending.lavinia.sweet.png,1280,448,suggested
cg.ending.lavinia.dark,art/narrative/cgs/ending.lavinia.dark.png,1280,448,suggested
cg.ending.lavinia.observer.full,art/narrative/cgs/ending.lavinia.observer.full.png,1280,448,suggested
cg.ending.lavinia.observer.residue,art/narrative/cgs/ending.lavinia.observer.residue.png,1280,448,suggested
background.ending.sylvia,art/environments/ending/sylvia.png,1280,448,suggested
cg.ending.sylvia.sweet,art/narrative/cgs/ending.sylvia.sweet.png,1280,448,suggested
cg.ending.sylvia.dark,art/narrative/cgs/ending.sylvia.dark.png,1280,448,suggested
cg.ending.sylvia.special.full,art/narrative/cgs/ending.sylvia.special.full.png,1280,448,suggested
cg.ending.sylvia.special.residue,art/narrative/cgs/ending.sylvia.special.residue.png,1280,448,suggested
background.ending.priscilla_lavinia,art/environments/ending/priscilla_lavinia.png,1280,448,suggested
cg.ending.priscilla_lavinia.sweet,art/narrative/cgs/ending.priscilla_lavinia.sweet.png,1280,448,suggested
cg.ending.priscilla_lavinia.dark,art/narrative/cgs/ending.priscilla_lavinia.dark.png,1280,448,suggested
cg.ending.priscilla_lavinia.observer.full,art/narrative/cgs/ending.priscilla_lavinia.observer.full.png,1280,448,suggested
cg.ending.priscilla_lavinia.observer.residue,art/narrative/cgs/ending.priscilla_lavinia.observer.residue.png,1280,448,suggested
background.ending.alone,art/environments/ending/alone.png,1280,448,suggested
cg.ending.alone.normal,art/narrative/cgs/ending.alone.normal.png,1280,448,suggested
cg.ending.alone.dark_mode,art/narrative/cgs/ending.alone.dark_mode.png,1280,448,suggested
background.core.opening_day1,art/environments/core/opening_day1.png,1280,448,suggested
background.core.tutorial_desktop_day1,art/environments/core/tutorial_desktop_day1.png,1280,448,suggested
