entry_id,dtl_path,day,background,portrait_1,portrait_2,ending_cg,attendance_note
contact.ordinary.lavinia.day1,dialogic/timelines/en/contacts/lavinia_day1.dtl,1,art/environments/paintings/monet_red_kerchief_window.jpg,art/characters/lavinia/scene.png,,,
contact.invitation.solo.priscilla.day1.offer,dialogic/timelines/en/contacts/priscilla_day1.dtl,1,art/environments/paintings/monet_red_kerchief_window.jpg,art/characters/priscilla/scene.png,,,
contact.invitation.solo.sylvia.day1.offer,dialogic/timelines/en/contacts/sylvia_day1.dtl,1,art/environments/paintings/monet_red_kerchief_window.jpg,art/characters/sylvia/scene.png,,,
dating.solo.priscilla.day1.pre_challenge,dialogic/timelines/en/dating/solo/priscilla_day1_pre_challenge.dtl,1,art/environments/paintings/morisot_reading_field.jpg,art/characters/priscilla/scene.png,,,
dating.solo.priscilla.day1.post_challenge,dialogic/timelines/en/dating/solo/priscilla_day1_post_challenge.dtl,1,art/environments/paintings/morisot_reading_field.jpg,art/characters/priscilla/scene.png,,,
dating.solo.sylvia.day1.pre_challenge,dialogic/timelines/en/dating/solo/sylvia_day1_pre_challenge.dtl,1,art/environments/paintings/gwen_john_interior.jpg,art/characters/sylvia/scene.png,,,
dating.solo.sylvia.day1.post_challenge,dialogic/timelines/en/dating/solo/sylvia_day1_post_challenge.dtl,1,art/environments/paintings/gwen_john_interior.jpg,art/characters/sylvia/scene.png,,,
hospital.faint.day1,dialogic/timelines/en/core/hospital_faint.dtl,1,art/environments/paintings/gwen_john_interior.jpg,art/characters/sylvia/scene.png,,,Sylvia-present visits only; ordinary fainting uses a notice without DTL or art
contact.invitation.solo.priscilla.day1.nevermind,dialogic/timelines/en/contacts/priscilla_day2.dtl,2,art/environments/paintings/monet_red_kerchief_window.jpg,art/characters/priscilla/scene.png,,,
contact.invitation.solo.priscilla.day1.missed_question,dialogic/timelines/en/contacts/priscilla_day2.dtl,2,art/environments/paintings/monet_red_kerchief_window.jpg,art/characters/priscilla/scene.png,,,
contact.invitation.solo.sylvia.day1.nevermind,dialogic/timelines/en/contacts/sylvia_day2.dtl,2,art/environments/paintings/monet_red_kerchief_window.jpg,art/characters/sylvia/scene.png,,,
contact.invitation.solo.sylvia.day1.missed_question,dialogic/timelines/en/contacts/sylvia_day2.dtl,2,art/environments/paintings/monet_red_kerchief_window.jpg,art/characters/sylvia/scene.png,,,
contact.hospital_care.sylvia.day2,dialogic/timelines/en/contacts/sylvia_day2.dtl,2,art/environments/paintings/monet_red_kerchief_window.jpg,art/characters/sylvia/scene.png,,,
contact.ordinary.sylvia.day2,dialogic/timelines/en/contacts/sylvia_day2.dtl,2,art/environments/paintings/monet_red_kerchief_window.jpg,art/characters/sylvia/scene.png,,,
contact.invitation.solo.priscilla.day2.offer,dialogic/timelines/en/contacts/priscilla_day2.dtl,2,art/environments/paintings/monet_red_kerchief_window.jpg,art/characters/priscilla/scene.png,,,
contact.invitation.solo.lavinia.day2.offer,dialogic/timelines/en/contacts/lavinia_day2.dtl,2,art/environments/paintings/monet_red_kerchief_window.jpg,art/characters/lavinia/scene.png,,,
contact.invitation.group.priscilla_lavinia.day2.first_open_priscilla,dialogic/timelines/en/contacts/group/priscilla_lavinia_day2.dtl,2,art/environments/paintings/monet_red_kerchief_window.jpg,art/characters/priscilla/scene.png,art/characters/lavinia/scene.png,,
contact.invitation.group.priscilla_lavinia.day2.first_open_lavinia,dialogic/timelines/en/contacts/group/priscilla_lavinia_day2.dtl,2,art/environments/paintings/monet_red_kerchief_window.jpg,art/characters/priscilla/scene.png,art/characters/lavinia/scene.png,,
contact.invitation.group.priscilla_lavinia.day2.second_open_priscilla,dialogic/timelines/en/contacts/group/priscilla_lavinia_day2.dtl,2,art/environments/paintings/monet_red_kerchief_window.jpg,art/characters/priscilla/scene.png,art/characters/lavinia/scene.png,,
contact.invitation.group.priscilla_lavinia.day2.second_open_lavinia,dialogic/timelines/en/contacts/group/priscilla_lavinia_day2.dtl,2,art/environments/paintings/monet_red_kerchief_window.jpg,art/characters/priscilla/scene.png,art/characters/lavinia/scene.png,,
contact.invitation.group.priscilla_lavinia.day2.need_reply_priscilla_first,dialogic/timelines/en/contacts/group/priscilla_lavinia_day2.dtl,2,art/environments/paintings/monet_red_kerchief_window.jpg,art/characters/priscilla/scene.png,art/characters/lavinia/scene.png,,
contact.invitation.group.priscilla_lavinia.day2.need_reply_lavinia_first,dialogic/timelines/en/contacts/group/priscilla_lavinia_day2.dtl,2,art/environments/paintings/monet_red_kerchief_window.jpg,art/characters/priscilla/scene.png,art/characters/lavinia/scene.png,,
contact.invitation.group.priscilla_lavinia.day2.offer,dialogic/timelines/en/contacts/group/priscilla_lavinia_day2.dtl,2,art/environments/paintings/monet_red_kerchief_window.jpg,art/characters/priscilla/scene.png,art/characters/lavinia/scene.png,,
dating.solo.priscilla.day2.pre_challenge,dialogic/timelines/en/dating/solo/priscilla_day2_pre_challenge.dtl,2,art/environments/paintings/morisot_reading_field.jpg,art/characters/priscilla/scene.png,,,
dating.solo.priscilla.day2.post_challenge,dialogic/timelines/en/dating/solo/priscilla_day2_post_challenge.dtl,2,art/environments/paintings/morisot_reading_field.jpg,art/characters/priscilla/scene.png,,,
dating.solo.lavinia.day2.pre_challenge,dialogic/timelines/en/dating/solo/lavinia_day2_pre_challenge.dtl,2,art/environments/paintings/degas_frieze_rehearsal.jpg,art/characters/lavinia/scene.png,,,
dating.solo.lavinia.day2.post_challenge,dialogic/timelines/en/dating/solo/lavinia_day2_post_challenge.dtl,2,art/environments/paintings/degas_frieze_rehearsal.jpg,art/characters/lavinia/scene.png,,,
dating.group.priscilla_lavinia.day2.pre_challenge,dialogic/timelines/en/dating/group/priscilla_lavinia_day2_pre_challenge.dtl,2,art/environments/paintings/vuillard_at_the_cafe.jpg,art/characters/priscilla/scene.png,art/characters/lavinia/scene.png,,
dating.group.priscilla_lavinia.day2.post_challenge,dialogic/timelines/en/dating/group/priscilla_lavinia_day2_post_challenge.dtl,2,art/environments/paintings/vuillard_at_the_cafe.jpg,art/characters/priscilla/scene.png,art/characters/lavinia/scene.png,,
dating.twofriends.priscilla_lavinia.day2.pre_challenge,dialogic/timelines/en/dating/twofriends/priscilla_lavinia_day2_pre_challenge.dtl,2,art/environments/paintings/vuillard_at_the_cafe.jpg,art/characters/priscilla/scene.png,art/characters/lavinia/scene.png,,
dating.twofriends.priscilla_lavinia.day2.post_challenge,dialogic/timelines/en/dating/twofriends/priscilla_lavinia_day2_post_challenge.dtl,2,art/environments/paintings/vuillard_at_the_cafe.jpg,art/characters/priscilla/scene.png,art/characters/lavinia/scene.png,,
hospital.faint.day2,dialogic/timelines/en/core/hospital_faint.dtl,2,art/environments/paintings/gwen_john_interior.jpg,art/characters/sylvia/scene.png,,,Sylvia-present visits only; ordinary fainting uses a notice without DTL or art
contact.invitation.solo.priscilla.day2.nevermind,dialogic/timelines/en/contacts/priscilla_day3.dtl,3,art/environments/paintings/monet_red_kerchief_window.jpg,art/characters/priscilla/scene.png,,,
contact.invitation.solo.priscilla.day2.missed_question,dialogic/timelines/en/contacts/priscilla_day3.dtl,3,art/environments/paintings/monet_red_kerchief_window.jpg,art/characters/priscilla/scene.png,,,
contact.invitation.solo.lavinia.day2.nevermind,dialogic/timelines/en/contacts/lavinia_day3.dtl,3,art/environments/paintings/monet_red_kerchief_window.jpg,art/characters/lavinia/scene.png,,,
contact.invitation.solo.lavinia.day2.missed_question,dialogic/timelines/en/contacts/lavinia_day3.dtl,3,art/environments/paintings/monet_red_kerchief_window.jpg,art/characters/lavinia/scene.png,,,
contact.invitation.group.priscilla_lavinia.day2.busy_priscilla,dialogic/timelines/en/contacts/group/priscilla_lavinia_day2.dtl,3,art/environments/paintings/monet_red_kerchief_window.jpg,art/characters/priscilla/scene.png,art/characters/lavinia/scene.png,,
contact.invitation.group.priscilla_lavinia.day2.busy_lavinia,dialogic/timelines/en/contacts/group/priscilla_lavinia_day2.dtl,3,art/environments/paintings/monet_red_kerchief_window.jpg,art/characters/priscilla/scene.png,art/characters/lavinia/scene.png,,
contact.invitation.group.priscilla_lavinia.day2.nevermind_priscilla,dialogic/timelines/en/contacts/group/priscilla_lavinia_day2.dtl,3,art/environments/paintings/monet_red_kerchief_window.jpg,art/characters/priscilla/scene.png,art/characters/lavinia/scene.png,,
contact.invitation.group.priscilla_lavinia.day2.nevermind_lavinia,dialogic/timelines/en/contacts/group/priscilla_lavinia_day2.dtl,3,art/environments/paintings/monet_red_kerchief_window.jpg,art/characters/priscilla/scene.png,art/characters/lavinia/scene.png,,
contact.invitation.group.priscilla_lavinia.day2.judge_priscilla,dialogic/timelines/en/contacts/group/priscilla_lavinia_day2.dtl,3,art/environments/paintings/monet_red_kerchief_window.jpg,art/characters/priscilla/scene.png,art/characters/lavinia/scene.png,,
contact.invitation.group.priscilla_lavinia.day2.judge_lavinia,dialogic/timelines/en/contacts/group/priscilla_lavinia_day2.dtl,3,art/environments/paintings/monet_red_kerchief_window.jpg,art/characters/priscilla/scene.png,art/characters/lavinia/scene.png,,
contact.invitation.group.priscilla_lavinia.day2.missed_question_priscilla,dialogic/timelines/en/contacts/group/priscilla_lavinia_day2.dtl,3,art/environments/paintings/monet_red_kerchief_window.jpg,art/characters/priscilla/scene.png,art/characters/lavinia/scene.png,,
contact.invitation.group.priscilla_lavinia.day2.missed_question_lavinia,dialogic/timelines/en/contacts/group/priscilla_lavinia_day2.dtl,3,art/environments/paintings/monet_red_kerchief_window.jpg,art/characters/priscilla/scene.png,art/characters/lavinia/scene.png,,
contact.ordinary.priscilla.day3,dialogic/timelines/en/contacts/priscilla_day3.dtl,3,art/environments/paintings/monet_red_kerchief_window.jpg,art/characters/priscilla/scene.png,,,
contact.invitation.solo.lavinia.day3.offer,dialogic/timelines/en/contacts/lavinia_day3.dtl,3,art/environments/paintings/monet_red_kerchief_window.jpg,art/characters/lavinia/scene.png,,,
contact.invitation.solo.sylvia.day3.offer,dialogic/timelines/en/contacts/sylvia_day3.dtl,3,art/environments/paintings/monet_red_kerchief_window.jpg,art/characters/sylvia/scene.png,,,
dating.solo.lavinia.day3.pre_challenge,dialogic/timelines/en/dating/solo/lavinia_day3_pre_challenge.dtl,3,art/environments/paintings/degas_frieze_rehearsal.jpg,art/characters/lavinia/scene.png,,,
dating.solo.lavinia.day3.post_challenge,dialogic/timelines/en/dating/solo/lavinia_day3_post_challenge.dtl,3,art/environments/paintings/degas_frieze_rehearsal.jpg,art/characters/lavinia/scene.png,,,
dating.solo.sylvia.day3.pre_challenge,dialogic/timelines/en/dating/solo/sylvia_day3_pre_challenge.dtl,3,art/environments/paintings/gwen_john_interior.jpg,art/characters/sylvia/scene.png,,,
dating.solo.sylvia.day3.post_challenge,dialogic/timelines/en/dating/solo/sylvia_day3_post_challenge.dtl,3,art/environments/paintings/gwen_john_interior.jpg,art/characters/sylvia/scene.png,,,
hospital.faint.day3,dialogic/timelines/en/core/hospital_faint.dtl,3,art/environments/paintings/gwen_john_interior.jpg,art/characters/sylvia/scene.png,,,Sylvia-present visits only; ordinary fainting uses a notice without DTL or art
contact.invitation.solo.lavinia.day3.nevermind,dialogic/timelines/en/contacts/lavinia_day4.dtl,4,art/environments/paintings/monet_red_kerchief_window.jpg,art/characters/lavinia/scene.png,,,
contact.invitation.solo.lavinia.day3.missed_question,dialogic/timelines/en/contacts/lavinia_day4.dtl,4,art/environments/paintings/monet_red_kerchief_window.jpg,art/characters/lavinia/scene.png,,,
contact.invitation.solo.sylvia.day3.nevermind,dialogic/timelines/en/contacts/sylvia_day4.dtl,4,art/environments/paintings/monet_red_kerchief_window.jpg,art/characters/sylvia/scene.png,,,
contact.invitation.solo.sylvia.day3.missed_question,dialogic/timelines/en/contacts/sylvia_day4.dtl,4,art/environments/paintings/monet_red_kerchief_window.jpg,art/characters/sylvia/scene.png,,,
contact.hospital_care.sylvia.day4,dialogic/timelines/en/contacts/sylvia_day4.dtl,4,art/environments/paintings/monet_red_kerchief_window.jpg,art/characters/sylvia/scene.png,,,
contact.ordinary.lavinia.day4,dialogic/timelines/en/contacts/lavinia_day4.dtl,4,art/environments/paintings/monet_red_kerchief_window.jpg,art/characters/lavinia/scene.png,,,
contact.invitation.solo.priscilla.day4.offer,dialogic/timelines/en/contacts/priscilla_day4.dtl,4,art/environments/paintings/monet_red_kerchief_window.jpg,art/characters/priscilla/scene.png,,,
contact.invitation.solo.sylvia.day4.offer,dialogic/timelines/en/contacts/sylvia_day4.dtl,4,art/environments/paintings/monet_red_kerchief_window.jpg,art/characters/sylvia/scene.png,,,
dating.solo.priscilla.day4.pre_challenge,dialogic/timelines/en/dating/solo/priscilla_day4_pre_challenge.dtl,4,art/environments/paintings/morisot_reading_field.jpg,art/characters/priscilla/scene.png,,,
dating.solo.priscilla.day4.post_challenge,dialogic/timelines/en/dating/solo/priscilla_day4_post_challenge.dtl,4,art/environments/paintings/morisot_reading_field.jpg,art/characters/priscilla/scene.png,,,
dating.solo.sylvia.day4.pre_challenge,dialogic/timelines/en/dating/solo/sylvia_day4_pre_challenge.dtl,4,art/environments/paintings/gwen_john_interior.jpg,art/characters/sylvia/scene.png,,,
dating.solo.sylvia.day4.post_challenge,dialogic/timelines/en/dating/solo/sylvia_day4_post_challenge.dtl,4,art/environments/paintings/gwen_john_interior.jpg,art/characters/sylvia/scene.png,,,
hospital.faint.day4,dialogic/timelines/en/core/hospital_faint.dtl,4,art/environments/paintings/gwen_john_interior.jpg,art/characters/sylvia/scene.png,,,Sylvia-present visits only; ordinary fainting uses a notice without DTL or art
contact.invitation.solo.priscilla.day4.nevermind,dialogic/timelines/en/contacts/priscilla_day5.dtl,5,art/environments/paintings/monet_red_kerchief_window.jpg,art/characters/priscilla/scene.png,,,
contact.invitation.solo.priscilla.day4.missed_question,dialogic/timelines/en/contacts/priscilla_day5.dtl,5,art/environments/paintings/monet_red_kerchief_window.jpg,art/characters/priscilla/scene.png,,,
contact.invitation.solo.sylvia.day4.nevermind,dialogic/timelines/en/contacts/sylvia_day5.dtl,5,art/environments/paintings/monet_red_kerchief_window.jpg,art/characters/sylvia/scene.png,,,
contact.invitation.solo.sylvia.day4.missed_question,dialogic/timelines/en/contacts/sylvia_day5.dtl,5,art/environments/paintings/monet_red_kerchief_window.jpg,art/characters/sylvia/scene.png,,,
contact.hospital_care.sylvia.day5,dialogic/timelines/en/contacts/sylvia_day5.dtl,5,art/environments/paintings/monet_red_kerchief_window.jpg,art/characters/sylvia/scene.png,,,
contact.ordinary.priscilla.day5,dialogic/timelines/en/contacts/priscilla_day5.dtl,5,art/environments/paintings/monet_red_kerchief_window.jpg,art/characters/priscilla/scene.png,,,
contact.invitation.solo.lavinia.day5.offer,dialogic/timelines/en/contacts/lavinia_day5.dtl,5,art/environments/paintings/monet_red_kerchief_window.jpg,art/characters/lavinia/scene.png,,,
contact.invitation.solo.sylvia.day5.offer,dialogic/timelines/en/contacts/sylvia_day5.dtl,5,art/environments/paintings/monet_red_kerchief_window.jpg,art/characters/sylvia/scene.png,,,
dating.solo.lavinia.day5.pre_challenge,dialogic/timelines/en/dating/solo/lavinia_day5_pre_challenge.dtl,5,art/environments/paintings/degas_frieze_rehearsal.jpg,art/characters/lavinia/scene.png,,,
dating.solo.lavinia.day5.post_challenge,dialogic/timelines/en/dating/solo/lavinia_day5_post_challenge.dtl,5,art/environments/paintings/degas_frieze_rehearsal.jpg,art/characters/lavinia/scene.png,,,
dating.solo.sylvia.day5.pre_challenge,dialogic/timelines/en/dating/solo/sylvia_day5_pre_challenge.dtl,5,art/environments/paintings/gwen_john_interior.jpg,art/characters/sylvia/scene.png,,,
dating.solo.sylvia.day5.post_challenge,dialogic/timelines/en/dating/solo/sylvia_day5_post_challenge.dtl,5,art/environments/paintings/gwen_john_interior.jpg,art/characters/sylvia/scene.png,,,
hospital.faint.day5,dialogic/timelines/en/core/hospital_faint.dtl,5,art/environments/paintings/gwen_john_interior.jpg,art/characters/sylvia/scene.png,,,Sylvia-present visits only; ordinary fainting uses a notice without DTL or art
contact.invitation.solo.lavinia.day5.nevermind,dialogic/timelines/en/contacts/lavinia_day6.dtl,6,art/environments/paintings/monet_red_kerchief_window.jpg,art/characters/lavinia/scene.png,,,
contact.invitation.solo.lavinia.day5.missed_question,dialogic/timelines/en/contacts/lavinia_day6.dtl,6,art/environments/paintings/monet_red_kerchief_window.jpg,art/characters/lavinia/scene.png,,,
contact.invitation.solo.sylvia.day5.nevermind,dialogic/timelines/en/contacts/sylvia_day6.dtl,6,art/environments/paintings/monet_red_kerchief_window.jpg,art/characters/sylvia/scene.png,,,
contact.invitation.solo.sylvia.day5.missed_question,dialogic/timelines/en/contacts/sylvia_day6.dtl,6,art/environments/paintings/monet_red_kerchief_window.jpg,art/characters/sylvia/scene.png,,,
contact.hospital_care.sylvia.day6,dialogic/timelines/en/contacts/sylvia_day6.dtl,6,art/environments/paintings/monet_red_kerchief_window.jpg,art/characters/sylvia/scene.png,,,
contact.ordinary.sylvia.day6,dialogic/timelines/en/contacts/sylvia_day6.dtl,6,art/environments/paintings/monet_red_kerchief_window.jpg,art/characters/sylvia/scene.png,,,
contact.invitation.solo.priscilla.day6.offer,dialogic/timelines/en/contacts/priscilla_day6.dtl,6,art/environments/paintings/monet_red_kerchief_window.jpg,art/characters/priscilla/scene.png,,,
contact.invitation.solo.lavinia.day6.offer,dialogic/timelines/en/contacts/lavinia_day6.dtl,6,art/environments/paintings/monet_red_kerchief_window.jpg,art/characters/lavinia/scene.png,,,
contact.invitation.group.priscilla_lavinia.day6.first_open_priscilla,dialogic/timelines/en/contacts/group/priscilla_lavinia_day6.dtl,6,art/environments/paintings/monet_red_kerchief_window.jpg,art/characters/priscilla/scene.png,art/characters/lavinia/scene.png,,
contact.invitation.group.priscilla_lavinia.day6.first_open_lavinia,dialogic/timelines/en/contacts/group/priscilla_lavinia_day6.dtl,6,art/environments/paintings/monet_red_kerchief_window.jpg,art/characters/priscilla/scene.png,art/characters/lavinia/scene.png,,
contact.invitation.group.priscilla_lavinia.day6.second_open_priscilla,dialogic/timelines/en/contacts/group/priscilla_lavinia_day6.dtl,6,art/environments/paintings/monet_red_kerchief_window.jpg,art/characters/priscilla/scene.png,art/characters/lavinia/scene.png,,
contact.invitation.group.priscilla_lavinia.day6.second_open_lavinia,dialogic/timelines/en/contacts/group/priscilla_lavinia_day6.dtl,6,art/environments/paintings/monet_red_kerchief_window.jpg,art/characters/priscilla/scene.png,art/characters/lavinia/scene.png,,
contact.invitation.group.priscilla_lavinia.day6.need_reply_priscilla_first,dialogic/timelines/en/contacts/group/priscilla_lavinia_day6.dtl,6,art/environments/paintings/monet_red_kerchief_window.jpg,art/characters/priscilla/scene.png,art/characters/lavinia/scene.png,,
contact.invitation.group.priscilla_lavinia.day6.need_reply_lavinia_first,dialogic/timelines/en/contacts/group/priscilla_lavinia_day6.dtl,6,art/environments/paintings/monet_red_kerchief_window.jpg,art/characters/priscilla/scene.png,art/characters/lavinia/scene.png,,
contact.invitation.group.priscilla_lavinia.day6.offer,dialogic/timelines/en/contacts/group/priscilla_lavinia_day6.dtl,6,art/environments/paintings/monet_red_kerchief_window.jpg,art/characters/priscilla/scene.png,art/characters/lavinia/scene.png,,
dating.solo.priscilla.day6.pre_challenge,dialogic/timelines/en/dating/solo/priscilla_day6_pre_challenge.dtl,6,art/environments/paintings/morisot_reading_field.jpg,art/characters/priscilla/scene.png,,,
dating.solo.priscilla.day6.post_challenge,dialogic/timelines/en/dating/solo/priscilla_day6_post_challenge.dtl,6,art/environments/paintings/morisot_reading_field.jpg,art/characters/priscilla/scene.png,,,
dating.solo.lavinia.day6.pre_challenge,dialogic/timelines/en/dating/solo/lavinia_day6_pre_challenge.dtl,6,art/environments/paintings/degas_frieze_rehearsal.jpg,art/characters/lavinia/scene.png,,,
dating.solo.lavinia.day6.post_challenge,dialogic/timelines/en/dating/solo/lavinia_day6_post_challenge.dtl,6,art/environments/paintings/degas_frieze_rehearsal.jpg,art/characters/lavinia/scene.png,,,
dating.group.priscilla_lavinia.day6.pre_challenge,dialogic/timelines/en/dating/group/priscilla_lavinia_day6_pre_challenge.dtl,6,art/environments/paintings/vuillard_at_the_cafe.jpg,art/characters/priscilla/scene.png,art/characters/lavinia/scene.png,,
dating.group.priscilla_lavinia.day6.post_challenge,dialogic/timelines/en/dating/group/priscilla_lavinia_day6_post_challenge.dtl,6,art/environments/paintings/vuillard_at_the_cafe.jpg,art/characters/priscilla/scene.png,art/characters/lavinia/scene.png,,
dating.twofriends.priscilla_lavinia.day6.pre_challenge,dialogic/timelines/en/dating/twofriends/priscilla_lavinia_day6_pre_challenge.dtl,6,art/environments/paintings/vuillard_at_the_cafe.jpg,art/characters/priscilla/scene.png,art/characters/lavinia/scene.png,,
dating.twofriends.priscilla_lavinia.day6.post_challenge,dialogic/timelines/en/dating/twofriends/priscilla_lavinia_day6_post_challenge.dtl,6,art/environments/paintings/vuillard_at_the_cafe.jpg,art/characters/priscilla/scene.png,art/characters/lavinia/scene.png,,
hospital.faint.day6,dialogic/timelines/en/core/hospital_faint.dtl,6,art/environments/paintings/gwen_john_interior.jpg,art/characters/sylvia/scene.png,,,Sylvia-present visits only; ordinary fainting uses a notice without DTL or art
contact.invitation.solo.priscilla.day6.nevermind,dialogic/timelines/en/contacts/priscilla_day7.dtl,7,art/environments/paintings/monet_red_kerchief_window.jpg,art/characters/priscilla/scene.png,,,
contact.invitation.solo.priscilla.day6.missed_question,dialogic/timelines/en/contacts/priscilla_day7.dtl,7,art/environments/paintings/monet_red_kerchief_window.jpg,art/characters/priscilla/scene.png,,,
contact.invitation.solo.lavinia.day6.nevermind,dialogic/timelines/en/contacts/lavinia_day7.dtl,7,art/environments/paintings/monet_red_kerchief_window.jpg,art/characters/lavinia/scene.png,,,
contact.invitation.solo.lavinia.day6.missed_question,dialogic/timelines/en/contacts/lavinia_day7.dtl,7,art/environments/paintings/monet_red_kerchief_window.jpg,art/characters/lavinia/scene.png,,,
contact.invitation.group.priscilla_lavinia.day6.busy_priscilla,dialogic/timelines/en/contacts/group/priscilla_lavinia_day6.dtl,7,art/environments/paintings/monet_red_kerchief_window.jpg,art/characters/priscilla/scene.png,art/characters/lavinia/scene.png,,
contact.invitation.group.priscilla_lavinia.day6.busy_lavinia,dialogic/timelines/en/contacts/group/priscilla_lavinia_day6.dtl,7,art/environments/paintings/monet_red_kerchief_window.jpg,art/characters/priscilla/scene.png,art/characters/lavinia/scene.png,,
contact.invitation.group.priscilla_lavinia.day6.nevermind_priscilla,dialogic/timelines/en/contacts/group/priscilla_lavinia_day6.dtl,7,art/environments/paintings/monet_red_kerchief_window.jpg,art/characters/priscilla/scene.png,art/characters/lavinia/scene.png,,
contact.invitation.group.priscilla_lavinia.day6.nevermind_lavinia,dialogic/timelines/en/contacts/group/priscilla_lavinia_day6.dtl,7,art/environments/paintings/monet_red_kerchief_window.jpg,art/characters/priscilla/scene.png,art/characters/lavinia/scene.png,,
contact.invitation.group.priscilla_lavinia.day6.judge_priscilla,dialogic/timelines/en/contacts/group/priscilla_lavinia_day6.dtl,7,art/environments/paintings/monet_red_kerchief_window.jpg,art/characters/priscilla/scene.png,art/characters/lavinia/scene.png,,
contact.invitation.group.priscilla_lavinia.day6.judge_lavinia,dialogic/timelines/en/contacts/group/priscilla_lavinia_day6.dtl,7,art/environments/paintings/monet_red_kerchief_window.jpg,art/characters/priscilla/scene.png,art/characters/lavinia/scene.png,,
contact.invitation.group.priscilla_lavinia.day6.missed_question_priscilla,dialogic/timelines/en/contacts/group/priscilla_lavinia_day6.dtl,7,art/environments/paintings/monet_red_kerchief_window.jpg,art/characters/priscilla/scene.png,art/characters/lavinia/scene.png,,
contact.invitation.group.priscilla_lavinia.day6.missed_question_lavinia,dialogic/timelines/en/contacts/group/priscilla_lavinia_day6.dtl,7,art/environments/paintings/monet_red_kerchief_window.jpg,art/characters/priscilla/scene.png,art/characters/lavinia/scene.png,,
contact.invitation.ending.priscilla.day7.offer,dialogic/timelines/en/contacts/priscilla_day7.dtl,7,art/environments/paintings/monet_red_kerchief_window.jpg,art/characters/priscilla/scene.png,,,
contact.invitation.ending.lavinia.day7.offer,dialogic/timelines/en/contacts/lavinia_day7.dtl,7,art/environments/paintings/monet_red_kerchief_window.jpg,art/characters/lavinia/scene.png,,,
contact.invitation.ending.sylvia.day7.offer,dialogic/timelines/en/contacts/sylvia_day7.dtl,7,art/environments/paintings/monet_red_kerchief_window.jpg,art/characters/sylvia/scene.png,,,
echo.fallback.day7,dialogic/timelines/en/core/echo_fallback_day7.dtl,7,art/environments/paintings/hammershoi_interior_easel.jpg,,,,
hospital.faint.day7,dialogic/timelines/en/core/hospital_faint.dtl,7,art/environments/paintings/gwen_john_interior.jpg,art/characters/sylvia/scene.png,,,Sylvia-present visits only; ordinary fainting uses a notice without DTL or art
ending.priscilla.sweet,dialogic/timelines/en/ending/priscilla.dtl,,art/environments/paintings/morisot_reading_field.jpg,art/characters/priscilla/scene.png,,art/narrative/cgs/ending.priscilla.sweet.png,
ending.priscilla.dark,dialogic/timelines/en/ending/priscilla.dtl,,art/environments/paintings/morisot_reading_field.jpg,art/characters/priscilla/scene.png,,art/narrative/cgs/ending.priscilla.dark.png,
ending.priscilla.observer.full,dialogic/timelines/en/ending/priscilla.dtl,,art/environments/paintings/morisot_reading_field.jpg,art/characters/priscilla/scene.png,,art/narrative/cgs/ending.priscilla.observer.full.png,
ending.priscilla.observer.residue,dialogic/timelines/en/ending/priscilla.dtl,,art/environments/paintings/morisot_reading_field.jpg,art/characters/priscilla/scene.png,,art/narrative/cgs/ending.priscilla.observer.residue.png,
ending.lavinia.sweet,dialogic/timelines/en/ending/lavinia.dtl,,art/environments/paintings/degas_frieze_rehearsal.jpg,art/characters/lavinia/scene.png,,art/narrative/cgs/ending.lavinia.sweet.png,
ending.lavinia.dark,dialogic/timelines/en/ending/lavinia.dtl,,art/environments/paintings/degas_frieze_rehearsal.jpg,art/characters/lavinia/scene.png,,art/narrative/cgs/ending.lavinia.dark.png,
ending.lavinia.observer.full,dialogic/timelines/en/ending/lavinia.dtl,,art/environments/paintings/degas_frieze_rehearsal.jpg,art/characters/lavinia/scene.png,,art/narrative/cgs/ending.lavinia.observer.full.png,
ending.lavinia.observer.residue,dialogic/timelines/en/ending/lavinia.dtl,,art/environments/paintings/degas_frieze_rehearsal.jpg,art/characters/lavinia/scene.png,,art/narrative/cgs/ending.lavinia.observer.residue.png,
ending.sylvia.sweet,dialogic/timelines/en/ending/sylvia.dtl,,art/environments/paintings/gwen_john_interior.jpg,art/characters/sylvia/scene.png,,art/narrative/cgs/ending.sylvia.sweet.png,
ending.sylvia.dark,dialogic/timelines/en/ending/sylvia.dtl,,art/environments/paintings/gwen_john_interior.jpg,art/characters/sylvia/scene.png,,art/narrative/cgs/ending.sylvia.dark.png,
ending.sylvia.special.full,dialogic/timelines/en/ending/sylvia.dtl,,art/environments/paintings/gwen_john_interior.jpg,art/characters/sylvia/scene.png,,art/narrative/cgs/ending.sylvia.special.full.png,
ending.sylvia.special.residue,dialogic/timelines/en/ending/sylvia.dtl,,art/environments/paintings/gwen_john_interior.jpg,art/characters/sylvia/scene.png,,art/narrative/cgs/ending.sylvia.special.residue.png,
ending.priscilla_lavinia.sweet,dialogic/timelines/en/ending/priscilla_lavinia.dtl,,art/environments/paintings/vuillard_at_the_cafe.jpg,art/characters/priscilla/scene.png,art/characters/lavinia/scene.png,art/narrative/cgs/ending.priscilla_lavinia.sweet.png,
ending.priscilla_lavinia.dark,dialogic/timelines/en/ending/priscilla_lavinia.dtl,,art/environments/paintings/vuillard_at_the_cafe.jpg,art/characters/priscilla/scene.png,art/characters/lavinia/scene.png,art/narrative/cgs/ending.priscilla_lavinia.dark.png,
ending.priscilla_lavinia.observer.full,dialogic/timelines/en/ending/priscilla_lavinia.dtl,,art/environments/paintings/vuillard_at_the_cafe.jpg,art/characters/priscilla/scene.png,art/characters/lavinia/scene.png,art/narrative/cgs/ending.priscilla_lavinia.observer.full.png,
ending.priscilla_lavinia.observer.residue,dialogic/timelines/en/ending/priscilla_lavinia.dtl,,art/environments/paintings/vuillard_at_the_cafe.jpg,art/characters/priscilla/scene.png,art/characters/lavinia/scene.png,art/narrative/cgs/ending.priscilla_lavinia.observer.residue.png,
ending.alone.normal,dialogic/timelines/en/ending/alone.dtl,,art/environments/paintings/hammershoi_interior_easel.jpg,,,art/narrative/cgs/ending.alone.normal.png,
ending.alone.dark_mode,dialogic/timelines/en/ending/alone.dtl,,art/environments/paintings/hammershoi_interior_easel.jpg,,,art/narrative/cgs/ending.alone.dark_mode.png,
opening.day1,dialogic/timelines/en/core/opening_day1.dtl,1,art/environments/paintings/hammershoi_interior_easel.jpg,,,,
tutorial.desktop_day1,dialogic/timelines/en/core/tutorial_desktop_day1.dtl,1,art/environments/paintings/hammershoi_interior_easel.jpg,,,,
